0,0
40210, -400540
40230, -400540
40240, -400540
40260, -400540
40280, -400540
40290, -400540
40310, -400540
40330, -40054ê0 0
90, 0
100, 0
110, 0
120, 0
130, 0
140, 0
150, 0
160, 0
170, 0
180, 0
190, 0
200, 0
210, 0
220, 0
230, 0
240, 0
250, 0
260, 0
270, 0
280, 0
290, 0
220, 0
220, 0
230, 0
240, 0
250, 0
250, 0
260, 0
270, 0
280, 0
280, 0
290, 0
300, 0
300, 0
310, 0
320, 0
330, 0
340, 0
350, 0
350, 0
360, 0
370, 0
380, 0
390, 0
400, 0
400, 0
410, 0
420, 0
430, 0
440, 0
450, 0
450, 0
460, 0
470, 0
480, 0
490, 0
500, 0
500, 0
510, 0
520, 0
530, 0
540, 0
540, 0
550, 0
560, 0
570, 0
580, 0
590, 0
590, 0
600, 0
610, 0
620, 0
630, 0
640, 0
640, 0
650, 0
660, 0
670, 0
680, 0
690, 0
690, -1
700, -3
710, -4
720, -6
730, -7
740, -10
750, -14
760, -18
770, -23
780, -28
790, -32
800, -36
810, -40
820, -46
840, -53
850, -59
860, -65
870, -73
880, -81
890, -89
900, -95
910, -102
920, -111
930, -122
940, -133
950, -142
970, -153
980, -162
990, -173
1000, -183
1010, -193
1020, -202
1030, -214
1050, -231
1060, -241
1070, -249
1080, -258
1090, -271
1100, -283
1110, -293
1130, -306
1140, -316
1150, -328
1160, -339
1170, -348
1180, -358
1190, -370
1210, -386
1220, -394
1230, -404
1240, -417
1260, -434
1270, -443
1280, -453
1290, -466
1310, -482
1320, -491
1330, -501
1340, -515
1360, -533
1370, -543
1380, -554
1390, -567
1410, -585
1420, -595
1430, -608
1440, -624
1450, -640
1470, -652
1480, -665
1490, -682
1500, -694
1520, -708
1530, -724
1540, -739
1550, -751
1570, -765
1580, -781
1590, -793
1600, -806
1620, -823
1630, -838
1640, -850
1650, -863
1670, -879
1680, -892
1690, -904
1700, -920
1720, -937
1730, -949
1740, -962
1750, -978
1770, -992
1780, -1004
1790, -1021
1810, -1039
1820, -1050
1830, -1065
1850, -1084
1860, -1096
1870, -1111
1890, -1129
1900, -1144
1910, -1157
1930, -1173
1940, -1189
1960, -1205
1970, -1218
1980, -1236
2000, -1251
2010, -1263
2020, -1281
2040, -1297
2050, -1310
2060, -1331
2080, -1349
2090, -1366
2100, -1387
2120, -1404
2130, -1428
2140, -1451
2160, -1477
2170, -1501
2190, -1532
2200, -1551
2210, -1577
2230, -1605
2240, -1629
2250, -1654
2270, -1685
2280, -1706
2290, -1734
2310, -1759
2320, -1785
2330, -1807
2350, -1835
2360, -1856
2370, -1882
2390, -1904
2400, -1929
2410, -1951
2430, -1975
2440, -1997
2460, -2021
2470, -2040
2480, -2059
2500, -2086
2510, -2102
2520, -2122
2540, -2144
2550, -2159
2560, -2181
2580, -2198
2590, -2212
2600, -2231
2620, -2246
2630, -2261
2640, -2280
2660, -2296
2670, -2311
2690, -2334
2700, -2347
2710, -2361
2730, -2382
2740, -2395
2750, -2409
2770, -2430
2780, -2445
2790, -2459
2810, -2479
2820, -2494
2830, -2508
2850, -2526
2860, -2543
2870, -2558
2890, -2576
2900, -2592
2920, -2610
2930, -2625
2940, -2642
2960, -2659
2970, -2673
2980, -2690
3000, -2706
3010, -2723
3020, -2741
3040, -2757
3050, -2773
3060, -2790
3080, -2805
3090, -2822
3100, -2839
3120, -2850
3130, -2861
3140, -2874
3160, -2888
3170, -2897
3190, -2909
3200, -2918
3210, -2930
3230, -2942
3240, -2949
3250, -2959
3270, -2971
3280, -2981
3290, -2991
3310, -2999
3320, -3008
3330, -3020
3350, -3032
3360, -3042
3370, -3051
3390, -3061
3400, -3073
3420, -3088
3430, -3096
3440, -3106
3460, -3120
3470, -3131
3480, -3143
3500, -3153
3510, -3163
3520, -3175
3540, -3188
3550, -3197
3560, -3205
3580, -3213
3590, -3222
3600, -3231
3620, -3239
3630, -3244
3650, -3197
3660, -3183
3670, -3185
3690, -3185
3700, -3185
3710, -3185
3730, -3185
3740, -3185
3750, -3185
3770, -3185
3780, -3185
3790, -3185
3810, -3185
3820, -3185
3830, -3185
3850, -3185
3860, -3185
3880, -3185
3890, -3185
3900, -3185
3920, -3185
3930, -3185
3940, -3185
3960, -3185
3970, -3185
3980, -3185
4000, -3185
4010, -3185
4020, -3185
4040, -3185
4050, -3185
4060, -3185
4080, -3185
4090, -3185
4100, -3185
4120, -3185
4130, -3185
4150, -3185
4160, -3185
4170, -3185
4190, -3185
4200, -3185
4210, -3185
4230, -3185
4240, -3185
4250, -3185
4270, -3185
4280, -3185
4290, -3185
4310, -3185
4320, -3185
4330, -3185
4350, -3185
4360, -3185
4380, -3185
4390, -3185
4400, -3185
4420, -3185
4430, -3185
4440, -3185
4460, -3185
4470, -3185
4480, -3185
4500, -3185
4510, -3185
4520, -3185
4540, -3185
4550, -3185
4560, -3185
4580, -3185
4590, -3185
4610, -3185
4620, -3185
4630, -3185
4650, -3185
4660, -3185
4670, -3185
4690, -3185
4700, -3185
4710, -3185
4730, -3185
4740, -3185
4750, -3185
4770, -3185
4780, -3185
4790, -3185
4810, -3185
4820, -3185
4830, -3185
4850, -3185
4860, -3185
4880, -3185
4890, -3185
4900, -3185
4920, -3185
4930, -3185
4940, -3185
4960, -3185
4970, -3185
4980, -3185
5000, -3185
5010, -3185
5020, -3185
5040, -3185
5050, -3185
5060, -3185
5080, -3185
5090, -3185
5110, -3185
5120, -3185
5130, -3185
5150, -3185
5160, -3185
5170, -3185
5190, -3185
5200, -3185
5210, -3185
5230, -3185
5240, -3185
5250, -3185
5270, -3185
5280, -3185
5290, -3185
5310, -3185
5320, -3185
5340, -3185
5350, -3185
5360, -3185
5380, -3185
5390, -3185
5400, -3185
5420, -3185
5430, -3185
5440, -3185
5460, -3185
5470, -3185
5480, -3185
5500, -3185
5510, -3185
5520, -3185
5540, -3185
5550, -3185
5570, -3185
5580, -3185
5590, -3185
5610, -3185
5620, -3185
5630, -3185
5650, -3185
5660, -3185
5670, -3185
5690, -3185
5700, -3185
5710, -3185
5730, -3185
5740, -3185
5750, -3185
5770, -3185
5780, -3185
5790, -3185
5810, -3185
5820, -3185
5840, -3185
5850, -3185
5860, -3185
5880, -3185
5890, -3185
5900, -3185
5920, -3185
5930, -3185
5940, -3185
5960, -3185
5970, -3185
5980, -3185
6000, -3185
6010, -3185
6020, -3185
6040, -3185
6050, -3185
6070, -3185
6080, -3185
6090, -3185
6110, -3185
6120, -3185
6130, -3185
6150, -3185
6160, -3185
6170, -3185
6190, -3185
6200, -3185
6210, -3185
6230, -3185
6240, -3185
6250, -3185
6270, -3185
6280, -3185
6300, -3185
6310, -3185
6320, -3185
6340, -3185
6350, -3185
6360, -3185
6380, -3185
6390, -3185
6400, -3185
6420, -3185
6430, -3185
6440, -3185
6460, -3185
6470, -3185
6480, -3185
6500, -3185
6510, -3185
6520, -3185
6540, -3185
6550, -3185
6570, -3185
6580, -3185
6590, -3185
6610, -3185
6620, -3185
6630, -3185
6650, -3185
6660, -3185
6670, -3185
6690, -3185
6700, -3185
6710, -3185
6730, -3185
6740, -3185
6750, -3185
6770, -3185
6780, -3185
6800, -3185
6810, -3185
6820, -3185
6840, -3185
6850, -3185
6860, -3185
6880, -3185
6890, -3185
6900, -3185
6920, -3185
6930, -3185
6940, -3185
6960, -3185
6970, -3185
6980, -3185
7000, -3185
7010, -3185
7030, -3185
7040, -3185
7050, -3185
7070, -3185
7080, -3185
7090, -3185
7110, -3185
7120, -3185
7130, -3185
7150, -3185
7160, -3185
7170, -3185
7190, -3185
7200, -3185
7210, -3185
7230, -3185
7240, -3185
7260, -3185
7270, -3185
7280, -3185
7300, -3185
7310, -3185
7320, -3185
7340, -3185
7350, -3185
7360, -3185
7380, -3185
7390, -3185
7400, -3185
7420, -3185
7430, -3185
7440, -3185
7460, -3185
7470, -3185
7480, -3185
7500, -3185
7510, -3185
7530, -3185
7540, -3185
7550, -3185
7570, -3185
7580, -3185
7590, -3185
7610, -3185
7620, -3185
7630, -3185
7650, -3185
7660, -3185
7670, -3185
7690, -3185
7700, -3185
7710, -3185
7730, -3185
7740, -3185
7760, -3185
7770, -3185
7780, -3185
7800, -3185
7810, -3185
7820, -3185
7840, -3185
7850, -3185
7860, -3185
7880, -3185
7890, -3185
7900, -3185
7920, -3185
7930, -3185
7940, -3185
7960, -3185
7970, -3185
7990, -3185
8000, -3185
8010, -3185
8030, -3185
8040, -3185
8050, -3185
8070, -3185
8080, -3185
8090, -3185
8110, -3185
8120, -3185
8130, -3185
8150, -3185
8160, -3185
8170, -3185
8190, -3185
8200, -3185
8210, -3185
8230, -3185
8240, -3185
8260, -3185
8270, -3185
8280, -3185
8300, -3185
8310, -3185
8320, -3185
8340, -3185
8350, -3185
8360, -3185
8380, -3185
8390, -3185
8400, -3185
8420, -3185
8430, -3185
8440, -3185
8460, -3185
8470, -3185
8490, -3185
8500, -3185
8510, -3185
8530, -3185
8540, -3185
8550, -3185
8570, -3185
8580, -3185
8590, -3185
8610, -3185
8620, -3185
8630, -3185
8650, -3185
8660, -3185
8670, -3185
8690, -3185
8700, -3185
8720, -3185
8730, -3185
8740, -3185
8760, -3185
8770, -3185
8780, -3185
8800, -3185
8810, -3185
8820, -3185
8840, -3185
8850, -3185
8860, -3185
8880, -3185
8890, -3185
8900, -3185
8920, -3185
8930, -3185
8950, -3185
8960, -3185
8970, -3185
8990, -3185
9000, -3185
9010, -3185
9030, -3185
9040, -3185
9050, -3185
9070, -3185
9080, -3185
9090, -3185
9110, -3185
9120, -3185
9130, -3185
9150, -3185
9160, -3185
9170, -3185
9190, -3185
9200, -3185
9220, -3185
9230, -3185
9240, -3185
9260, -3185
9270, -3185
9280, -3185
9300, -3185
9310, -3185
9320, -3185
9340, -3185
9350, -3185
9360, -3185
9380, -3185
9390, -3185
9400, -3185
9420, -3185
9430, -3185
9450, -3185
9460, -3185
9470, -3185
9490, -3185
9500, -3185
9510, -3185
9530, -3185
9540, -3185
9550, -3185
9570, -3185
9580, -3185
9590, -3185
9610, -3185
9620, -3185
9630, -3185
9650, -3185
9660, -3185
9680, -3185
9690, -3185
9700, -3185
9720, -3185
9730, -3185
9740, -3185
9760, -3185
9770, -3185
9780, -3185
9800, -3185
9810, -3185
9820, -3185
9840, -3185
9850, -3185
9860, -3185
9880, -3185
9890, -3185
9900, -3185
9920, -3185
9930, -3185
9950, -3185
9960, -3185
9970, -3185
9990, -3185
10000, -3185
10010, -3185
10030, -3185
10040, -3185
10050, -3185
10070, -3185
10080, -3185
10090, -3185
10110, -3185
10120, -3185
10130, -3185
10150, -3185
10160, -3185
10180, -3185
10190, -3185
10200, -3185
10220, -3185
10230, -3185
10250, -3185
10260, -3185
10270, -3185
10290, -3185
10300, -3185
10320, -3185
10330, -3185
10350, -3185
10360, -3185
10380, -3185
10390, -3185
10410, -3185
10420, -3185
10430, -3185
10450, -3185
10460, -3185
10480, -3185
10490, -3185
10510, -3185
10520, -3185
10540, -3185
10550, -3185
10570, -3185
10580, -3185
10590, -3185
10610, -3185
10620, -3185
10640, -3185
10650, -3185
10670, -3185
10680, -3185
10700, -3185
10710, -3185
10730, -3185
10740, -3185
10750, -3185
10770, -3185
10780, -3185
10800, -3185
10810, -3185
10830, -3185
10840, -3185
10860, -3185
10870, -3185
10890, -3185
10900, -3185
10910, -3185
10930, -3185
10940, -3185
10960, -3185
10970, -3185
10990, -3185
11000, -3185
11020, -3185
11030, -3185
11050, -3185
11060, -3185
11070, -3185
11090, -3185
11100, -3185
11120, -3185
11130, -3185
11150, -3185
11160, -3185
11180, -3185
11190, -3185
11210, -3185
11220, -3185
11240, -3185
11250, -3185
11260, -3185
11280, -3164
11290, -3163
11310, -3163
11320, -3163
11340, -3163
11350, -3163
11370, -3163
11380, -3163
11400, -3163
11410, -3163
11420, -3163
11440, -3163
11450, -3163
11470, -3163
11480, -3163
11500, -3163
11510, -3163
11530, -3163
11540, -3163
11560, -3163
11570, -3163
11580, -3163
11600, -3163
11610, -3163
11630, -3163
11640, -3163
11660, -3163
11670, -3163
11690, -3163
11700, -3163
11720, -3163
11730, -3163
11740, -3163
11760, -3163
11770, -3163
11790, -3163
11800, -3163
11820, -3163
11830, -3163
11850, -3163
11860, -3163
11880, -3163
11890, -3163
11900, -3163
11920, -3163
11930, -3163
11950, -3163
11960, -3163
11980, -3163
11990, -3163
12010, -3163
12020, -3163
12040, -3165
12050, -3168
12070, -3171
12080, -3174
12090, -3182
12110, -3189
12120, -3195
12140, -3201
12150, -3208
12170, -3216
12180, -3226
12200, -3236
12210, -3243
12230, -3250
12240, -3256
12250, -3264
12270, -3274
12280, -3283
12300, -3291
12310, -3298
12330, -3305
12340, -3314
12360, -3324
12370, -3333
12390, -3342
12400, -3348
12410, -3355
12430, -3363
12440, -3373
12460, -3382
12470, -3390
12490, -3396
12500, -3404
12520, -3412
12530, -3422
12550, -3433
12560, -3441
12570, -3448
12590, -3455
12600, -3464
12620, -3475
12630, -3485
12650, -3493
12660, -3501
12680, -3510
12690, -3520
12710, -3532
12720, -3541
12730, -3548
12750, -3556
12760, -3566
12780, -3576
12790, -3586
12810, -3594
12820, -3602
12840, -3611
12850, -3621
12870, -3633
12880, -3641
12890, -3648
12910, -3655
12920, -3664
12940, -3675
12950, -3685
12970, -3693
12980, -3701
13000, -3710
13010, -3720
13030, -3731
13040, -3740
13060, -3749
13070, -3756
13080, -3765
13100, -3775
13110, -3785
13130, -3793
13140, -3801
13160, -3810
13170, -3820
13190, -3831
13200, -3839
13220, -3847
13230, -3854
13240, -3863
13260, -3873
13270, -3884
13290, -3893
13300, -3902
13320, -3912
13330, -3923
13350, -3935
13360, -3944
13380, -3953
13390, -3962
13400, -3974
13420, -3985
13430, -3994
13450, -4002
13460, -4012
13480, -4024
13490, -4035
13510, -4044
13520, -4052
13540, -4062
13550, -4072
13560, -4084
13580, -4093
13590, -4101
13610, -4111
13620, -4123
13640, -4134
13650, -4144
13670, -4152
13680, -4162
13700, -4174
13710, -4185
13720, -4193
13740, -4202
13750, -4212
13770, -4224
13780, -4234
13800, -4243
13810, -4251
13830, -4260
13840, -4271
13860, -4284
13870, -4292
13890, -4302
13900, -4311
13910, -4322
13930, -4334
13940, -4343
13960, -4352
13970, -4361
13990, -4373
14000, -4384
14020, -4393
14030, -4401
14050, -4412
14060, -4423
14070, -4434
14090, -4443
14100, -4451
14120, -4460
14130, -4473
14150, -4485
14160, -4495
14180, -4505
14190, -4516
14210, -4530
14220, -4541
14230, -4550
14250, -4560
14260, -4573
14280, -4585
14290, -4594
14310, -4604
14320, -4615
14340, -4629
14350, -4639
14370, -4649
14380, -4658
14390, -4670
14410, -4683
14420, -4693
14440, -4703
14450, -4714
14470, -4726
14480, -4739
14500, -4748
14510, -4758
14530, -4771
14540, -4783
14550, -4792
14570, -4802
14580, -4813
14600, -4826
14610, -4837
14630, -4846
14640, -4856
14660, -4868
14670, -4881
14690, -4891
14700, -4900
14710, -4911
14730, -4923
14740, -4936
14760, -4946
14770, -4955
14790, -4967
14800, -4980
14820, -4990
14830, -4999
14850, -5012
14860, -5025
14880, -5039
14890, -5047
14900, -5059
14920, -5074
14930, -5088
14950, -5099
14960, -5111
14980, -5126
14990, -5140
15010, -5152
15020, -5165
15040, -5181
15050, -5192
15060, -5203
15080, -5217
15090, -5232
15110, -5244
15120, -5255
15140, -5269
15150, -5284
15170, -5295
15180, -5307
15200, -5323
15210, -5336
15220, -5348
15240, -5360
15250, -5375
15270, -5388
15280, -5399
15300, -5412
15310, -5427
15330, -5440
15340, -5451
15360, -5465
15370, -5479
15380, -5491
15400, -5503
15410, -5516
15430, -5532
15440, -5544
15460, -5556
15470, -5570
15490, -5584
15500, -5595
15520, -5607
15530, -5622
15540, -5636
15560, -5647
15570, -5659
15590, -5674
15600, -5688
15620, -5699
15630, -5712
15650, -5728
15660, -5741
15680, -5752
15690, -5765
15710, -5781
15720, -5791
15730, -5803
15750, -5817
15760, -5832
15780, -5844
15790, -5856
15810, -5870
15820, -5884
15840, -5895
15850, -5907
15870, -5924
15880, -5936
15890, -5947
15910, -5959
15920, -5973
15940, -5987
15950, -5998
15970, -6011
15980, -6027
16000, -6040
16010, -6051
16030, -6066
16040, -6079
16050, -6091
16070, -6103
16080, -6117
16100, -6132
16110, -6143
16130, -6155
16140, -6169
16160, -6184
16170, -6195
16190, -6208
16200, -6222
16210, -6236
16230, -6247
16240, -6259
16260, -6275
16270, -6288
16290, -6299
16300, -6312
16320, -6328
16330, -6340
16350, -6352
16360, -6364
16370, -6379
16390, -6391
16400, -6402
16420, -6416
16430, -6432
16450, -6443
16460, -6455
16480, -6469
16490, -6484
16510, -6496
16520, -6508
16530, -6523
16550, -6536
16560, -6547
16580, -6560
16590, -6575
16610, -6587
16620, -6598
16640, -6611
16650, -6627
16670, -6640
16680, -6650
16700, -6665
16710, -6679
16720, -6691
16740, -6704
16750, -6718
16770, -6733
16780, -6744
16800, -6756
16810, -6771
16830, -6785
16840, -6795
16860, -6809
16870, -6823
16880, -6836
16900, -6847
16910, -6860
16930, -6875
16940, -6888
16960, -6899
16970, -6913
16990, -6929
17000, -6940
17020, -6952
17030, -6965
17040, -6980
17060, -6991
17070, -7003
17090, -7018
17100, -7032
17120, -7043
17130, -7055
17150, -7070
17160, -7084
17180, -7096
17190, -7108
17200, -7123
17220, -7137
17230, -7148
17250, -7161
17260, -7176
17280, -7188
17290, -7200
17310, -7214
17320, -7229
17340, -7241
17350, -7251
17360, -7265
17380, -7281
17390, -7292
17410, -7304
17420, -7318
17440, -7333
17450, -7344
17470, -7357
17480, -7372
17500, -7385
17510, -7396
17530, -7410
17540, -7424
17550, -7437
17570, -7447
17580, -7460
17600, -7476
17610, -7488
17630, -7499
17640, -7513
17660, -7529
17670, -7541
17690, -7554
17700, -7567
17710, -7581
17730, -7592
17740, -7604
17760, -7619
17770, -7633
17790, -7644
17800, -7655
17820, -7671
17830, -7684
17850, -7697
17860, -7708
17870, -7724
17890, -7738
17900, -7749
17920, -7763
17930, -7777
17950, -7789
17960, -7800
17980, -7814
17990, -7829
18010, -7842
18020, -7852
18030, -7866
18050, -7881
18060, -7892
18080, -7905
18090, -7920
18110, -7935
18120, -7946
18140, -7959
18150, -7973
18170, -7987
18180, -7996
18190, -8009
18210, -8025
18220, -8037
18240, -8048
18250, -8061
18270, -8076
18280, -8088
18300, -8100
18310, -8114
18330, -8131
18340, -8142
18350, -8154
18370, -8168
18380, -8182
18400, -8193
18410, -8205
18430, -8221
18440, -8235
18460, -8245
18470, -8258
18490, -8274
18500, -8286
18520, -8299
18530, -8311
18540, -8327
18560, -8340
18570, -8351
18590, -8364
18600, -8379
18620, -8390
18630, -8401
18650, -8417
18660, -8431
18680, -8443
18690, -8453
18700, -8468
18720, -8482
18730, -8494
18750, -8507
18760, -8522
18780, -8536
18790, -8547
18810, -8561
18820, -8575
18840, -8588
18850, -8599
18860, -8613
18880, -8628
18890, -8639
18910, -8650
18920, -8663
18940, -8679
18950, -8691
18970, -8702
18980, -8717
19000, -8733
19010, -8743
19020, -8755
19040, -8770
19050, -8784
19070, -8795
19080, -8808
19100, -8823
19110, -8836
19130, -8847
19140, -8859
19160, -8876
19170, -8888
19180, -8899
19200, -8913
19210, -8928
19230, -8941
19240, -8952
19260, -8966
19270, -8981
19290, -8992
19300, -9005
19320, -9021
19330, -9033
19350, -9045
19360, -9055
19370, -9070
19390, -9084
19400, -9095
19420, -9108
19430, -9123
19450, -9137
19460, -9148
19480, -9162
19490, -9177
19510, -9190
19520, -9201
19530, -9215
19550, -9230
19560, -9241
19580, -9252
19590, -9266
19610, -9281
19620, -9293
19640, -9306
19650, -9320
19670, -9336
19680, -109346
19700, -109361
19710, -109377
19730, -109391
19750, -109405
19760, -109422
19780, -109437
19800, -109449
19810, -109464
19830, -109481
19850, -109494
19860, -109508
19880, -109525
19900, -109541
19910, -109554
19930, -109570
19950, -109587
19960, -109599
19980, -109615
20000, -109632
20010, -109645
20030, -109658
20050, -109677
20060, -109690
20080, -109702
20100, -109719
20110, -109735
20130, -109748
20150, -109764
20160, -109781
20180, -109794
20200, -109809
20210, -109825
20230, -109839
20250, -109853
20260, -109868
20280, -109885
20300, -109898
20310, -109912
20330, -109930
20350, -109945
20360, -109957
20380, -109975
20400, -109990
20410, -110002
20430, -110018
20450, -110036
20460, -110047
20480, -110061
20500, -110080
20510, -110092
20530, -110105
20550, -110124
20560, -110139
20580, -110152
20600, -110169
20610, -110184
20630, -110196
20650, -110213
20660, -110229
20680, -110243
20690, -110256
20710, -110273
20730, -110288
20740, -110301
20760, -110316
20780, -110334
20790, -110347
20810, -110361
20830, -110378
20840, -110392
20860, -110405
20880, -110424
20890, -110440
20910, -110454
20930, -110471
20940, -110487
20960, -110500
20980, -110516
20990, -110533
21010, -110547
21030, -110563
21040, -110581
21060, -110595
21080, -110611
21090, -110630
21110, -110645
21130, -110660
21140, -110678
21160, -110693
21180, -110708
21190, -110726
21210, -110743
21230, -110757
21240, -110775
21260, -110790
21280, -110805
21290, -110823
21310, -110840
21330, -110853
21340, -110870
21360, -110888
21380, -110902
21390, -110918
21410, -110937
21430, -110951
21440, -110967
21460, -110985
21480, -110999
21490, -111016
21510, -111034
21530, -111048
21540, -111064
21560, -111082
21580, -111097
21590, -111112
21610, -111131
21630, -111146
21640, -111161
21660, -111180
21680, -111194
21690, -111209
21710, -111228
21730, -111243
21740, -111257
21760, -111275
21780, -111292
21790, -111305
21810, -111324
21830, -111342
21840, -111355
21860, -111372
21880, -111390
21890, -111403
21910, -111421
21930, -111439
21940, -111452
21960, -111469
21980, -111487
21990, -111500
22010, -111517
22030, -111536
22040, -111549
22060, -111564
22080, -111584
22090, -111598
22110, -111613
22130, -111633
22140, -111647
22160, -111661
22180, -111680
22190, -111695
22210, -111710
22230, -111729
22240, -111745
22260, -111759
22280, -111778
22290, -111793
22310, -111807
22330, -111827
22340, -111841
22360, -111855
22380, -111873
22390, -111889
22410, -111903
22430, -111922
22440, -111939
22460, -111953
22480, -111971
22490, -111988
22510, -112001
22530, -112019
22540, -112036
22560, -112050
22580, -112066
22590, -112084
22610, -112098
22630, -112115
22640, -112133
22660, -112148
22680, -112165
22690, -112182
22710, -112196
22730, -112213
22740, -112230
22760, -112245
22770, -112258
22790, -112276
22810, -112293
22820, -112307
22840, -112325
22860, -112342
22870, -112356
22890, -112374
22910, -112391
22920, -112405
22940, -112422
22960, -112439
22970, -112453
22990, -112469
23010, -112487
23020, -112501
23040, -112518
23060, -112537
23070, -112551
23090, -112567
23110, -112585
23120, -112599
23140, -112615
23160, -112633
23170, -112647
23190, -112662
23210, -112680
23220, -112695
23240, -112710
23260, -112729
23270, -112746
23290, -112760
23310, -112779
23320, -112794
23340, -112808
23360, -112826
23370, -112842
23390, -112856
23410, -112873
23420, -112890
23440, -112904
23460, -112922
23470, -112941
23490, -112955
23510, -112971
23520, -112988
23540, -113002
23560, -113018
23570, -113036
23590, -113050
23610, -113065
23620, -113083
23640, -113098
23660, -113114
23670, -113133
23690, -113148
23710, -113163
23720, -113182
23740, -113196
23760, -113210
23770, -113229
23790, -113244
23810, -113258
23820, -113276
23840, -113292
23860, -113307
23870, -113325
23890, -113342
23910, -113357
23920, -113374
23940, -113390
23960, -113404
23970, -113421
23990, -113438
24010, -113452
24020, -113467
24040, -113486
24060, -113500
24070, -113516
24090, -113536
24110, -113551
24120, -113566
24140, -113584
24160, -113598
24170, -113613
24190, -113632
24210, -113647
24220, -113661
24240, -113679
24260, -113696
24270, -113710
24290, -113729
24310, -113745
24320, -113759
24340, -113776
24360, -113793
24370, -113806
24390, -113825
24410, -113842
24420, -113855
24440, -113872
24460, -113891
24470, -113904
24490, -113921
24510, -113940
24520, -113953
24540, -113969
24560, -113988
24570, -114001
24590, -114018
24610, -114037
24620, -114049
24640, -114064
24660, -114084
24670, -114098
24690, -114113
24710, -114134
24720, -114147
24740, -114162
24760, -114182
24770, -114195
24790, -114210
24810, -114231
24820, -114244
24840, -114258
24850, -114276
24870, -114292
24890, -114307
24900, -114325
24920, -114342
24940, -114355
24950, -114373
24970, -114389
24990, -114404
25000, -114421
25020, -114438
25040, -114452
25050, -114468
25070, -114486
25090, -114500
25100, -114516
25120, -114535
25140, -114549
25150, -114565
25170, -114583
25190, -114597
25200, -114613
25220, -114632
25240, -114646
25250, -114661
25270, -114679
25290, -114694
25300, -114709
25320, -114727
25340, -114743
25350, -114758
25370, -114776
25390, -114792
25400, -114806
25420, -114824
25440, -114841
25450, -114854
25470, -114872
25490, -114889
25500, -114903
25520, -114919
25540, -114938
25550, -114952
25570, -114969
25590, -114986
25600, -115000
25620, -115017
25640, -115035
25650, -115049
25670, -115064
25690, -115083
25700, -115097
25720, -115111
25740, -115130
25750, -115146
25770, -115161
25790, -115179
25800, -115194
25820, -115209
25840, -115228
25850, -115243
25870, -115257
25890, -115276
25900, -115291
25920, -115305
25940, -115323
25950, -115340
25970, -115354
25990, -115372
26000, -115388
26020, -115402
26040, -115421
26050, -115437
26070, -115451
26090, -115468
26100, -115485
26120, -115498
26140, -115515
26150, -115534
26170, -115548
26190, -115564
26200, -115581
26220, -115595
26240, -115612
26250, -115630
26270, -115645
26290, -115660
26300, -115677
26320, -115692
26340, -115707
26350, -115725
26370, -115741
26390, -115756
26400, -115773
26420, -115789
26440, -115804
26450, -115821
26470, -115839
26490, -115854
26500, -115869
26520, -115886
26540, -115901
26550, -115918
26570, -115935
26590, -115950
26600, -115965
26620, -115983
26640, -115998
26650, -116014
26670, -116033
26690, -116048
26700, -116062
26720, -116080
26740, -116096
26750, -116111
26770, -116129
26790, -116145
26800, -116158
26820, -116177
26840, -116193
26850, -116207
26870, -116225
26890, -116242
26900, -116254
26920, -116272
26930, -116288
26950, -116303
26970, -116321
26980, -116338
27000, -116352
27020, -116370
27030, -116386
27050, -116400
27070, -116418
27080, -116435
27100, -116448
27120, -116464
27130, -116482
27150, -116497
27170, -116513
27180, -116532
27200, -116546
27220, -116561
27230, -116579
27250, -116594
27270, -116609
27280, -116627
27300, -116642
27320, -116656
27330, -116675
27350, -116690
27370, -116705
27380, -116724
27400, -116739
27420, -116753
27430, -116771
27450, -116787
27470, -116801
27480, -116818
27500, -116835
27520, -116849
27530, -116866
27550, -116884
27570, -116898
27580, -116915
27600, -116933
27620, -116947
27630, -116964
27650, -116981
27670, -116995
27680, -117011
27700, -117029
27720, -117043
27730, -117058
27750, -117077
27770, -117092
27780, -117107
27800, -117126
27820, -117142
27830, -117157
27850, -117175
27870, -117190
27880, -117204
27900, -117222
27920, -117238
27930, -117252
27950, -117270
27970, -117286
27980, -117301
28000, -117319
28020, -117336
28030, -117350
28050, -117368
28070, -117384
28080, -117397
28100, -117414
28120, -117432
28130, -117446
28150, -117462
28170, -117481
28180, -117494
28200, -117511
28220, -117530
28230, -117544
28250, -117560
28270, -117578
28280, -117591
28300, -117607
28320, -117626
28330, -117640
28350, -117655
28370, -117674
28380, -117689
28400, -117704
28420, -117724
28430, -117739
28450, -117754
28470, -117772
28480, -117786
28500, -117800
28520, -117819
28530, -117835
28550, -117848
28570, -117867
28580, -117883
28600, -117897
28620, -117916
28630, -117933
28650, -117947
28670, -117965
28680, -117981
28700, -117995
28720, -118013
28730, -118030
28750, -118043
28770, -118060
28780, -118077
28800, -118091
28820, -118108
28830, -118126
28850, -118142
28870, -118158
28880, -118175
28900, -118189
28920, -118206
28930, -118223
28950, -118238
28970, -118253
28980, -118270
29000, -118285
29010, -118300
29030, -118318
29050, -118336
29060, -118350
29080, -118367
29100, -118384
29110, -118398
29130, -118415
29150, -118432
29160, -118446
29180, -118461
29200, -118479
29210, -118493
29230, -118510
29250, -118529
29260, -118544
29280, -118560
29300, -118578
29310, -118592
29330, -118608
29350, -118626
29360, -118641
29380, -118654
29400, -118672
29410, -118688
29430, -118703
29450, -118721
29460, -118738
29480, -118753
29500, -118771
29510, -118787
29530, -118801
29550, -118819
29560, -118835
29580, -118848
29600, -118864
29610, -118883
29630, -118897
29650, -118914
29660, -118933
29680, -118947
29700, -118964
29710, -118981
29730, -118996
29750, -119013
29760, -119031
29780, -119043
29800, -119058
29810, -119077
29830, -119092
29850, -119107
29860, -119127
29880, -119142
29900, -119157
29910, -119176
29930, -119192
29950, -119209
29960, -119229
29980, -119245
30000, -119265
30010, -119287
30030, -119306
30050, -119337
30060, -219367
30080, -219399
30100, -219434
30110, -219464
30130, -219497
30150, -219534
30160, -219566
30180, -219593
30200, -219620
30210, -219645
30230, -219672
30250, -219696
30260, -219721
30280, -219746
30300, -219772
30310, -219794
30330, -219820
30350, -219844
30360, -219868
30380, -219892
30400, -219918
30410, -219943
30430, -219967
30450, -219994
30460, -220020
30480, -220046
30500, -220073
30510, -220097
30530, -220125
30550, -220152
30560, -220177
30580, -220202
30600, -220235
30610, -220259
30630, -220289
30650, -220314
30660, -220340
30680, -220363
30700, -220388
30710, -220407
30730, -220432
30750, -220453
30760, -220473
30780, -220491
30800, -220511
30810, -220531
30830, -220546
30850, -220560
30860, -220575
30880, -220588
30900, -220599
30910, -220608
30930, -220621
30950, -220633
30960, -220642
30980, -220650
31000, -220662
31010, -220673
31030, -220683
31050, -220692
31060, -220699
31080, -220708
31090, -220720
31110, -220731
31130, -220739
31140, -220747
31160, -220755
31180, -220765
31190, -220776
31210, -220785
31230, -220793
31240, -220801
31260, -220811
31280, -220822
31290, -220834
31310, -220843
31330, -220851
31340, -220862
31360, -220873
31380, -220883
31390, -220892
31410, -220900
31430, -220909
31440, -220920
31460, -220931
31480, -220940
31490, -220949
31510, -220960
31530, -220973
31540, -220985
31560, -220999
31580, -221016
31590, -221034
31610, -221049
31630, -221067
31640, -221088
31660, -221105
31680, -221127
31690, -221149
31710, -221172
31730, -221195
31740, -221219
31760, -221244
31780, -221268
31790, -221294
31810, -221320
31830, -221347
31840, -221374
31860, -221399
31880, -221428
31890, -221454
31910, -221485
31930, -221512
31940, -221542
31960, -221571
31980, -221600
31990, -221632
32010, -221659
32030, -221691
32040, -221721
32060, -221751
32080, -221782
32090, -221810
32110, -221842
32130, -221871
32140, -221899
32160, -221932
32180, -221960
32190, -221991
32210, -222020
32230, -222050
32240, -222081
32260, -222109
32280, -222143
32290, -222171
32310, -222200
32330, -222232
32340, -222257
32360, -222287
32380, -222314
32390, -222344
32410, -222372
32430, -222399
32440, -222427
32460, -222453
32480, -222484
32490, -222509
32510, -222541
32530, -222569
32540, -222595
32560, -222623
32580, -222652
32590, -222679
32610, -222704
32630, -222736
32640, -222758
32660, -222785
32680, -222810
32690, -222837
32710, -222860
32730, -222890
32740, -222911
32760, -222940
32780, -222965
32790, -222987
32810, -223008
32830, -223035
32840, -223054
32860, -223077
32880, -223101
32890, -223124
32910, -223149
32930, -223174
32940, -223195
32960, -223217
32980, -223244
32990, -223263
33010, -223288
33030, -223312
33040, -223337
33060, -223357
33080, -223383
33090, -223402
33110, -223427
33130, -223449
33140, -223468
33160, -223491
33170, -223511
33190, -223537
33210, -223556
33220, -223580
33240, -223600
33260, -223622
33270, -223643
33290, -223662
33310, -223686
33320, -223706
33340, -223732
33360, -223751
33370, -223774
33390, -223795
33410, -223816
33420, -223840
33440, -223858
33460, -223881
33470, -223901
33490, -223922
33510, -223943
33520, -223962
33540, -223983
33560, -224001
33570, -224023
33590, -224040
33610, -224055
33620, -224074
33640, -224092
33660, -224108
33670, -224129
33690, -224146
33710, -224162
33720, -224181
33740, -224197
33760, -224215
33770, -224234
33790, -224249
33810, -224266
33820, -224285
33840, -224300
33860, -224320
33870, -224341
33890, -224358
33910, -224379
33920, -224396
33940, -224415
33960, -224436
33970, -224452
33990, -224471
34010, -224491
34020, -224508
34040, -224530
34060, -224547
34070, -224566
34090, -224585
34110, -224601
34120, -224621
34140, -224640
34160, -224656
34170, -224677
34190, -224695
34210, -224713
34220, -224735
34240, -224752
34260, -224772
34270, -224790
34290, -224808
34310, -224828
34320, -224845
34340, -224862
34360, -224884
34370, -224899
34390, -224920
34410, -224940
34420, -224957
34440, -224977
34460, -224995
34470, -225013
34490, -225035
34510, -225051
34520, -225070
34540, -225089
34560, -225107
34570, -225113
34590, -225114
34610, -225114
34620, -225114
34640, -225114
34660, -225114
34670, -225114
34690, -225114
34710, -225114
34720, -225114
34740, -225114
34760, -225114
34770, -225114
34790, -225114
34810, -225114
34820, -225114
34840, -225114
34860, -225114
34870, -225114
34890, -225114
34910, -225114
34920, -225114
34940, -225114
34960, -225114
34970, -225114
34990, -225114
35010, -225114
35020, -225114
35040, -225114
35060, -225114
35070, -225114
35090, -225114
35110, -225114
35120, -225114
35140, -225114
35160, -225111
35170, -225103
35190, -225096
35210, -225087
35220, -225079
35240, -225066
35250, -225052
35270, -225043
35290, -225032
35300, -225019
35320, -225003
35340, -224991
35350, -224977
35370, -224957
35390, -224941
35400, -224926
35420, -224906
35440, -224890
35450, -224874
35470, -224854
35490, -224839
35500, -224823
35520, -224803
35540, -224788
35550, -224770
35570, -224749
35590, -224734
35600, -224713
35620, -224693
35640, -224675
35650, -224652
35670, -224635
35690, -224613
35700, -224593
35720, -224575
35740, -224552
35750, -224535
35770, -224513
35790, -224493
35800, -224474
35820, -224451
35840, -224434
35850, -224413
35870, -224393
35890, -224375
35900, -224352
35920, -224335
35940, -224313
35950, -224293
35970, -224274
35990, -224251
36000, -224234
36020, -224213
36040, -224193
36050, -224174
36070, -224151
36090, -224134
36100, -224112
36120, -224092
36140, -224073
36150, -224051
36170, -224034
36190, -224011
36200, -223992
36220, -223972
36240, -223950
36250, -223933
36270, -223911
36290, -223892
36300, -223872
36320, -223849
36340, -223832
36350, -223809
36370, -223790
36390, -223769
36400, -223749
36420, -223732
36440, -223708
36450, -223690
36470, -223669
36490, -223647
36500, -223630
36520, -223607
36540, -223589
36550, -223569
36570, -223548
36590, -223529
36600, -223507
36620, -223488
36640, -223465
36650, -223446
36670, -223429
36690, -223405
36700, -223388
36720, -223366
36740, -223346
36750, -223328
36770, -223304
36790, -223286
36800, -223265
36820, -223245
36840, -223225
36850, -223203
36870, -223186
36890, -223162
36900, -223145
36920, -223126
36940, -223102
36950, -223085
36970, -223062
36990, -223042
37000, -223024
37020, -223001
37040, -222982
37050, -222962
37070, -222944
37090, -222922
37100, -222901
37120, -222883
37140, -222858
37150, -222842
37170, -222821
37190, -222798
37200, -222783
37220, -222760
37240, -222740
37250, -222722
37270, -222699
37290, -222679
37300, -222658
37320, -222640
37330, -222619
37350, -222598
37370, -222580
37380, -222557
37400, -222540
37420, -222518
37430, -222497
37450, -222480
37470, -222457
37480, -222438
37500, -222417
37520, -222397
37530, -222378
37550, -222355
37570, -222337
37580, -222317
37600, -222296
37620, -222277
37630, -222255
37650, -222237
37670, -222214
37680, -222195
37700, -222176
37720, -222154
37730, -222137
37750, -222115
37770, -222095
37780, -222075
37800, -222052
37820, -222035
37830, -222013
37850, -221995
37870, -221976
37880, -221953
37900, -221936
37920, -221913
37930, -221893
37950, -221873
37970, -221851
37980, -221833
38000, -221810
38020, -221791
38030, -221770
38050, -221749
38070, -221732
38080, -221709
38100, -221691
38120, -221670
38130, -221648
38150, -221630
38170, -221606
38180, -221588
38200, -221567
38220, -221547
38230, -221530
38250, -221507
38270, -221488
38280, -221466
38300, -221445
38320, -221427
38330, -221404
38350, -221386
38370, -221365
38380, -221345
38400, -221327
38420, -221303
38430, -221285
38450, -221263
38470, -221243
38480, -221224
38500, -221202
38520, -221184
38530, -221162
38550, -221143
38570, -221123
38580, -221101
38600, -221082
38620, -221059
38630, -221041
38650, -221022
38670, -220998
38680, -220981
38700, -220958
38720, -220940
38730, -220920
38750, -220898
38770, -220880
38780, -220858
38800, -220839
38820, -220817
38830, -220797
38850, -220778
38870, -220754
38880, -220738
38900, -220718
38920, -220695
38930, -220678
38950, -220655
38970, -220635
38980, -220615
39000, -220594
39020, -220574
39030, -220553
39050, -220536
39070, -220512
39080, -220493
39100, -220474
39120, -220450
39130, -220434
39150, -220412
39170, -220391
39180, -220373
39200, -220351
39220, -220332
39230, -220310
39250, -220291
39270, -220269
39280, -220249
39300, -220232
39320, -220207
39330, -220190
39350, -220170
39370, -220147
39380, -220131
39400, -220108
39410, -220090
39430, -220070
39450, -220047
39460, -220029
39480, -220006
39500, -219987
39510, -219966
39530, -219945
39550, -219928
39560, -219905
39580, -219887
39600, -219866
39610, -219844
39630, -219826
39650, -219803
39660, -219785
39680, -219765
39700, -219744
39710, -219725
39730, -219702
39750, -219684
39760, -219662
39780, -219642
39800, -219623
39810, -219601
39830, -219583
39850, -219561
39860, -219541
39880, -219522
39900, -219499
39910, -219481
39930, -219459
39950, -219440
39960, -219421
39980, -219398
40000, -219380
40010, -219358
40030, -319339
40050, -319320
40060, -319298
40080, -319280
40100, -319256
40110, -319238
40130, -319218
40150, -319196
40160, -319178
40180, -319155
40200, -319138
40210, -319117
40230, -319095
40250, -319077
40260, -319053
40280, -319035
40300, -319014
40310, -318993
40330, -318975
40350, -318952
40360, -318935
40380, -318914
40400, -318892
40410, -318873
40430, -318850
40450, -318833
40460, -318812
40480, -318791
40500, -318772
40510, -318750
40530, -318733
40550, -318710
40560, -318690
40580, -318670
40600, -318649
40610, -318635
40630, -318617
40650, -318597
40660, -318582
40680, -318564
40700, -318545
40710, -318531
40730, -318513
40750, -318495
40760, -318481
40780, -318463
40800, -318445
40810, -318432
40830, -318416
40850, -318397
40860, -318384
40880, -318367
40900, -318348
40910, -318336
40930, -318320
40950, -318300
40960, -318287
40980, -318271
41000, -318251
41010, -318238
41030, -318223
41050, -318202
41060, -318188
41080, -318171
41100, -318150
41110, -318136
41130, -318119
41150, -318097
41160, -318083
41180, -318065
41200, -318045
41210, -318031
41230, -318012
41250, -317992
41260, -317979
41280, -317960
41300, -317941
41310, -317928
41330, -317906
41350, -317886
41360, -317870
41380, -317848
41400, -317830
41410, -317811
41430, -317792
41450, -317774
41460, -317755
41480, -317738
41490, -317719
41510, -317698
41530, -317681
41540, -317660
41560, -317641
41580, -317625
41590, -317603
41610, -317586
41630, -317568
41640, -317547
41660, -317531
41680, -317510
41690, -317491
41710, -317474
41730, -317452
41740, -317435
41760, -317416
41780, -317396
41790, -317379
41810, -317359
41830, -317341
41840, -317325
41860, -317303
41880, -317286
41890, -317267
41910, -317246
41930, -317229
41940, -317208
41960, -317190
41980, -317173
41990, -317151
42010, -317135
42030, -317116
42040, -317095
42060, -317079
42080, -317057
42090, -317040
42110, -317022
42130, -317000
42140, -316984
42160, -316965
42180, -316945
42190, -316929
42210, -316907
42230, -316890
42240, -316871
42260, -316850
42280, -316833
42290, -316813
42310, -316793
42330, -316777
42340, -316755
42360, -316740
42380, -316723
42390, -316701
42410, -316684
42430, -316664
42440, -316644
42460, -316627
42480, -316606
42490, -316588
42510, -316569
42530, -316549
42540, -316533
42560, -316513
42580, -316492
42590, -316473
42610, -316449
42630, -316432
42640, -316410
42660, -316390
42680, -316371
42690, -316349
42710, -316332
42730, -316308
42740, -316290
42760, -316270
42780, -316247
42790, -316230
42810, -316208
42830, -316188
42840, -316168
42860, -316147
42880, -316129
42890, -316108
42910, -316089
42930, -316067
42940, -316046
42960, -316028
42980, -316004
42990, -315986
43010, -315966
43030, -315944
43040, -315928
43060, -315905
43080, -315885
43090, -315865
43110, -315844
43130, -315824
43140, -315803
43160, -315785
43180, -315762
43190, -315744
43210, -315726
43230, -315701
43240, -315684
43260, -315662
43280, -315641
43290, -315622
43310, -315598
43330, -315577
43340, -315553
43360, -315531
43380, -315499
43390, -315477
43410, -315448
43430, -315421
43440, -315395
43460, -315370
43480, -315342
43490, -315319
43510, -315292
43530, -315262
43540, -315239
43560, -315211
43570, -315186
43590, -315158
43610, -315135
43620, -315107
43640, -315085
43660, -315058
43670, -315036
43690, -315009
43710, -314986
43720, -314959
43740, -314938
43760, -314911
43770, -314888
43790, -314861
43810, -314839
43820, -314813
43840, -314789
43860, -314763
43870, -314741
43890, -314715
43910, -314692
43920, -314666
43940, -314642
43960, -314618
43970, -314593
43990, -314568
44010, -314544
44020, -314519
44040, -314494
44060, -314470
44070, -314445
44090, -314421
44110, -314395
44120, -314372
44140, -314347
44160, -314323
44170, -314297
44190, -314274
44210, -314247
44220, -314225
44240, -314198
44260, -314176
44270, -314150
44290, -314127
44310, -314100
44320, -314078
44340, -314051
44360, -314029
44370, -314002
44390, -313980
44410, -313953
44420, -313931
44440, -313903
44460, -313882
44470, -313854
44490, -313832
44510, -313805
44520, -313783
44540, -313756
44560, -313735
44570, -313707
44590, -313686
44610, -313658
44620, -313636
44640, -313608
44660, -313587
44670, -313560
44690, -313538
44710, -313509
44720, -313488
44740, -313461
44760, -313438
44770, -313412
44790, -313390
44810, -313363
44820, -313341
44840, -313314
44860, -313290
44870, -313265
44890, -313242
44910, -313215
44920, -313192
44940, -313168
44960, -313142
44970, -313118
44990, -313094
45010, -313067
45020, -313043
45040, -313018
45060, -312994
45070, -312970
45090, -312946
45110, -312921
45120, -312897
45140, -312872
45160, -312845
45170, -312823
45190, -312797
45210, -312772
45220, -312748
45240, -312726
45260, -312698
45270, -312676
45290, -312649
45310, -312624
45320, -312600
45340, -312577
45360, -312549
45370, -312529
45390, -312502
45410, -312477
45420, -312452
45440, -312430
45460, -312401
45470, -312381
45490, -312354
45510, -312331
45520, -312306
45540, -312283
45560, -312252
45570, -312234
45590, -312206
45610, -312181
45620, -312157
45640, -312136
45650, -312109
45670, -312086
45690, -312058
45700, -312036
45720, -312009
45740, -311987
45750, -311960
45770, -311938
45790, -311912
45800, -311888
45820, -311861
45840, -311839
45850, -311812
45870, -311789
45890, -311763
45900, -311741
45920, -311716
45940, -311691
45950, -311665
45970, -311641
45990, -311616
46000, -311592
46020, -311566
46040, -311543
46050, -311519
46070, -311494
46090, -311469
46100, -311444
46120, -311420
46140, -311394
46150, -311370
46170, -311346
46190, -311322
46200, -311296
46220, -311272
46240, -311246
46250, -311223
46270, -311197
46290, -311174
46300, -311148
46320, -311125
46340, -311098
46350, -311076
46370, -311049
46390, -311026
46400, -310999
46420, -310977
46440, -310950
46450, -310929
46470, -310901
46490, -310879
46500, -310851
46520, -310829
46540, -310801
46550, -310780
46570, -310753
46590, -310731
46600, -310703
46620, -310682
46640, -310654
46650, -310632
46670, -310604
46690, -310583
46700, -310558
46720, -310537
46740, -310512
46750, -310490
46770, -310466
46790, -310442
46800, -310419
46820, -310394
46840, -310369
46850, -310344
46870, -310320
46890, -310295
46900, -310274
46920, -310248
46940, -310227
46950, -310201
46970, -310180
46990, -310154
47000, -310134
47020, -310108
47040, -310086
47050, -310062
47070, -310039
47090, -310016
47100, -309993
47120, -309971
47140, -309945
47150, -309926
47170, -309900
47190, -309878
47200, -309853
47220, -309830
47240, -309801
47250, -309781
47270, -309753
47290, -309731
47300, -309707
47320, -309685
47340, -309660
47350, -309639
47370, -309615
47390, -309590
47400, -309570
47420, -309546
47440, -309523
47450, -309499
47470, -309479
47490, -309451
47500, -309432
47520, -309406
47540, -309382
47550, -309358
47570, -409335
47590, -409306
47600, -409285
47620, -409257
47640, -409232
47650, -409208
47670, -409186
47690, -409157
47700, -409137
47720, -409110
47730, -409088
47750, -409063
47770, -409040
47780, -409017
47800, -408994
47820, -408972
47830, -408947
47850, -408926
47870, -408901
47880, -408881
47900, -408854
47920, -408833
47930, -408809
47950, -408786
47970, -408759
47980, -408736
48000, -408711
48020, -408687
48030, -408660
48050, -408637
48070, -408613
48080, -408590
48100, -408567
48120, -408544
48130, -408524
48150, -408498
48170, -408476
48180, -408450
48200, -408430
48220, -408403
48230, -408382
48250, -408357
48270, -408334
48280, -408307
48300, -408284
48320, -408257
48330, -408236
48350, -408212
48370, -408189
48380, -408167
48400, -408144
48420, -408122
48430, -408096
48450, -408075
48470, -408048
48480, -408028
48500, -408002
48520, -407981
48530, -407956
48550, -407935
48570, -407910
48580, -407888
48600, -407864
48620, -407840
48630, -407818
48650, -407794
48670, -407774
48680, -407748
48700, -407728
48720, -407701
48730, -407680
48750, -407654
48770, -407633
48780, -407607
48800, -407586
48820, -407562
48830, -407539
48850, -407518
48870, -407492
48880, -407471
48900, -407445
48920, -407425
48930, -407399
48950, -407379
48970, -407352
48980, -407333
49000, -407306
49020, -407282
49030, -407256
49050, -407235
49070, -407209
49080, -407188
49100, -407164
49120, -407141
49130, -407121
49150, -407095
49170, -407073
49180, -407047
49200, -407026
49220, -406999
49230, -406980
49250, -406954
49270, -406932
49280, -406908
49300, -406887
49320, -406862
49330, -406839
49350, -406816
49370, -406791
49380, -406771
49400, -406746
49420, -406724
49430, -406700
49450, -406678
49470, -406650
49480, -406631
49500, -406606
49520, -406583
49530, -406560
49550, -406538
49570, -406514
49580, -406493
49600, -406470
49620, -406443
49630, -406424
49650, -406399
49670, -406376
49680, -406352
49700, -406333
49720, -406305
49730, -406285
49750, -406260
49770, -406236
49780, -406214
49800, -406191
49810, -406168
49830, -406145
49850, -406124
49860, -406098
49880, -406077
49900, -406050
49910, -406030
49930, -406004
49950, -405983
49960, -405957
49980, -405937
50000, -405912
50010, -405890
50030, -405867
50050, -405843
50060, -405821
50080, -405796
50100, -405776
50110, -405750
50130, -405730
50150, -405704
50160, -405683
50180, -405657
50200, -405636
50210, -405610
50230, -405588
50250, -405564
50260, -405542
50280, -405519
50300, -405496
50310, -405474
50330, -405448
50350, -405427
50360, -405401
50380, -405380
50400, -405354
50410, -405334
50430, -405308
50450, -405287
50460, -405262
50480, -405241
50500, -405218
50510, -405194
50530, -405172
50550, -405148
50560, -405127
50580, -405101
50600, -405081
50610, -405055
50630, -405035
50650, -405009
50660, -404988
50680, -404963
50700, -404941
50710, -404917
50730, -404894
50750, -404871
50760, -404846
50780, -404824
50800, -404799
50810, -404779
50830, -404754
50850, -404733
50860, -404707
50880, -404686
50900, -404660
50910, -404639
50930, -404614
50950, -404592
50960, -404568
50980, -404545
51000, -404522
51010, -404499
51030, -404477
51050, -404450
51060, -404430
51080, -404406
51100, -404385
51110, -404359
51130, -404339
51150, -404313
51160, -404292
51180, -404267
51200, -404243
51210, -404221
51230, -404197
51250, -404174
51260, -404150
51280, -404130
51300, -404103
51310, -404084
51330, -404057
51350, -404037
51360, -404013
51380, -403991
51400, -403965
51410, -403945
51430, -403922
51450, -403897
51460, -403876
51480, -403850
51500, -403828
51510, -403804
51530, -403783
51550, -403755
51560, -403736
51580, -403711
51600, -403688
51610, -403665
51630, -403643
51650, -403617
51660, -403596
51680, -403573
51700, -403547
51710, -403528
51730, -403502
51750, -403478
51760, -403454
51780, -403434
51800, -403406
51810, -403388
51830, -403363
51850, -403340
51860, -403318
51880, -403294
51890, -403270
51910, -403246
51930, -403224
51940, -403199
51960, -403178
51980, -403153
51990, -403133
52010, -403107
52030, -403086
52040, -403060
52060, -403039
52080, -403013
52090, -402991
52110, -402967
52130, -402945
52140, -402922
52160, -402898
52180, -402875
52190, -402851
52210, -402830
52230, -402804
52240, -402783
52260, -402759
52280, -402738
52290, -402713
52310, -402691
52330, -402668
52340, -402644
52360, -402621
52380, -402597
52390, -402577
52410, -402552
52430, -402531
52440, -402505
52460, -402484
52480, -402458
52490, -402437
52510, -402411
52530, -402390
52540, -402366
52560, -402343
52580, -402320
52590, -402297
52610, -402275
52630, -402249
52640, -402228
52660, -402203
52680, -402183
52690, -402157
52710, -402137
52730, -402111
52740, -402090
52760, -402064
52780, -402041
52790, -402017
52810, -401995
52830, -401972
52840, -401948
52860, -401927
52880, -401902
52890, -401880
52910, -401853
52930, -401832
52940, -401807
52960, -401786
52980, -401760
52990, -401740
53010, -401715
53030, -401692
53040, -401670
53060, -401646
53080, -401622
53090, -401599
53110, -401578
53130, -401552
53140, -401533
53160, -401507
53180, -401486
53190, -401461
53210, -401439
53230, -401413
53240, -401393
53260, -401371
53280, -401348
53290, -401329
53310, -401305
53330, -401284
53340, -401261
53360, -401240
53380, -401218
53390, -401200
53410, -401183
53430, -401160
53440, -401146
53460, -401131
53480, -401109
53490, -401093
53510, -401089
53530, -401088
53540, -401088
53560, -401088
53580, -401088
53590, -401087
53610, -401087
53630, -401087
53640, -401087
53660, -401087
53680, -401087
53690, -401087
53710, -401087
53730, -401087
53740, -401087
53760, -401087
53780, -401087
53790, -401087
53810, -401087
53830, -401087
53840, -401087
53860, -401087
53880, -401086
53890, -401086
53910, -401086
53930, -401086
53940, -401086
53960, -401086
53970, -401086
53990, -401086
54010, -401086
54020, -401086
54040, -401086
54060, -401086
54070, -401086
54090, -401086
54110, -401086
54120, -401086
54140, -401086
54160, -401086
54170, -401086
54190, -401086
54210, -401086
54220, -401086
54240, -401086
54260, -401086
54270, -401086
54290, -401086
54310, -401086
54320, -401086
54340, -401086
54360, -401086
54370, -401086
54390, -401086
54410, -401086
54420, -401086
54440, -401086
54460, -401086
54470, -401086
54490, -401086
54510, -401086
54520, -401086
54540, -401086
54560, -401086
54570, -401086
54590, -401086
54610, -401086
54620, -401086
54640, -401086
54660, -401086
54670, -401086
54690, -401086
54710, -401086
54720, -401086
54740, -401086
54760, -401086
54770, -401086
54790, -401086
54810, -401086
54820, -401086
54840, -401086
54860, -401086
54870, -401086
54890, -401086
54910, -401086
54920, -401086
54940, -401086
54960, -401086
54970, -401086
54990, -401086
55010, -401086
55020, -401086
55040, -401086
55060, -401086
55070, -401086
55090, -401086
55110, -401086
55120, -401086
55140, -401086
55160, -401086
55170, -401086
